title1;title2;title3;Fraction
1;2;3;0.333333
1;2;4;0.333333
1;2;5;0.333333
2;3;6;0.500000
2;3;7;0.500000
2;4;8;1.000000
5;7;5;0.500000
5;7;7;0.500000
